Threshold,Precision,Recall,F1,Predicted_Churn_Rate
0.1,0.3557552209810588,0.979933110367893,0.52200249420987,0.7309194178203763
0.11,0.3606314750863345,0.9779264214046822,0.5269417913137502,0.7195598154064607
0.12,0.3651868572861801,0.9739130434782609,0.5311929952572054,0.707667731629393
0.13,0.371107708014293,0.9725752508361204,0.5372251985959726,0.6954206602768903
0.13999999999999999,0.3750323080899457,0.9705685618729097,0.5410141685309471,0.6867234646787362
0.14999999999999997,0.3785340314136126,0.9672240802675586,0.5441204139228598,0.6780262690805822
0.15999999999999998,0.38220451527224436,0.9625418060200669,0.5471482889733841,0.6682641107561236
0.16999999999999998,0.3875507442489851,0.9578595317725752,0.5518304431599229,0.6558395456159034
0.17999999999999997,0.39088663189678835,0.9525083612040134,0.5543012845465162,0.6466098686545971
0.18999999999999995,0.39493459504592265,0.9491638795986622,0.5577830188679245,0.6377351792687256
0.19999999999999996,0.3989256432004524,0.9438127090301003,0.5608108108108109,0.6277955271565495
0.20999999999999996,0.40258249641319943,0.9384615384615385,0.5634538152610442,0.6185658501952431
0.21999999999999995,0.4075262543757293,0.934448160535117,0.5675401178143409,0.6084487042953497
0.22999999999999995,0.41179958493922325,0.9290969899665552,0.5706655710764175,0.598686545970891
0.23999999999999994,0.4172966434835198,0.9230769230769231,0.5747605164514785,0.5869719559815406
0.24999999999999992,0.421310471524801,0.9204013377926421,0.5780298256668767,0.579694710685126
0.2599999999999999,0.4262193227710469,0.9177257525083612,0.5820958845990666,0.5713525026624068
0.2699999999999999,0.4315523237432817,0.9130434782608695,0.5860884499785316,0.5614128505502307
0.2799999999999999,0.4382855301321302,0.9096989966555183,0.5915615484993475,0.550763223287185
0.2899999999999999,0.4429552141222622,0.9063545150501672,0.5950812472551603,0.542953496627618
0.29999999999999993,0.44603121886416475,0.8983277591973244,0.5960940967598757,0.5344337948171815
0.30999999999999994,0.44935854152599597,0.8903010033444816,0.5972627327798968,0.5257365992190274
0.3199999999999999,0.45538778311599176,0.8876254180602007,0.6019505556815604,0.5172168974085907
0.32999999999999985,0.4600069856793573,0.8809364548494983,0.6044056906837999,0.5081647142350018
0.33999999999999986,0.4637424831977361,0.8769230769230769,0.6066635816751504,0.5017749378771743
0.34999999999999987,0.46733668341708545,0.8709030100334448,0.6082690960056062,0.49449769258075965
0.3599999999999999,0.4700948212983224,0.8622073578595317,0.60844937455747,0.48668796592119273
0.3699999999999999,0.47269372693726935,0.8568561872909699,0.6092746730083234,0.481008164714235
0.3799999999999999,0.47749437359339836,0.8515050167224081,0.6118721461187214,0.4731984380546681
0.3899999999999999,0.48193229364777485,0.8474916387959867,0.6144519883608147,0.4666311679091232
0.3999999999999998,0.48745658047086066,0.8448160535117056,0.618208516886931,0.45988640397586084
0.4099999999999998,0.4927251278018089,0.8381270903010033,0.620604259534423,0.4513667021654242
0.4199999999999998,0.4962015193922431,0.8301003344481606,0.6211211211211212,0.44391196308129216
0.4299999999999998,0.5,0.822742474916388,0.6219974715549936,0.4366347177848775
0.43999999999999984,0.5043478260869565,0.8147157190635451,0.6230179028132993,0.42864749733759316
0.44999999999999984,0.5077633235417541,0.8093645484949833,0.6240330067044868,0.42296769613063545
0.45999999999999985,0.512143161482744,0.8040133779264214,0.6257157730348777,0.41657791977280795
0.46999999999999986,0.5174216027874564,0.7946488294314381,0.6267475600105513,0.40752573659921904
0.47999999999999976,0.5219317678334072,0.7879598662207358,0.6279317697228145,0.40060347887823927
0.48999999999999977,0.5277652370203161,0.7819397993311037,0.630188679245283,0.3931487397941072
0.4999999999999998,0.5344986200551978,0.777257525083612,0.6334150994821477,0.3858714944976926
0.5099999999999998,0.5409069658719028,0.7739130434782608,0.6367638965327462,0.3796592119275825
0.5199999999999998,0.5459305092812946,0.7672240802675585,0.6379310344827587,0.3729144479943202
0.5299999999999998,0.5509708737864077,0.7591973244147158,0.6385372714486639,0.36563720269790556
0.5399999999999998,0.5590433482810164,0.7505016722408027,0.6407766990291263,0.3562300319488818
0.5499999999999998,0.5624044829342842,0.7384615384615385,0.6385193753614806,0.3484203052893149
0.5599999999999997,0.5666148263348886,0.7311036789297659,0.6384345794392523,0.3423855165069223
0.5699999999999997,0.5721868365180467,0.7210702341137124,0.6380585972181119,0.3343982960596379
0.5799999999999997,0.579520697167756,0.711705685618729,0.6388471930351246,0.3258785942492013
0.5899999999999997,0.5887640449438202,0.7010033444816054,0.64,0.3159389421370252
0.5999999999999998,0.5939849624060151,0.6869565217391305,0.6370967741935484,0.30688675896343626
0.6099999999999998,0.6001188354129531,0.6755852842809364,0.6356198867212083,0.2987220447284345
0.6199999999999998,0.6055384615384616,0.6581939799331104,0.6307692307692307,0.2884274050408236
0.6299999999999997,0.6103404791929382,0.6474916387959866,0.6283674131775397,0.28150514731984383
0.6399999999999997,0.6166341780376868,0.6347826086956522,0.6255767963085036,0.2731629392971246
0.6499999999999997,0.6205507051712559,0.6180602006688963,0.6193029490616622,0.2642882499112531
0.6599999999999997,0.6256906077348067,0.6060200668896321,0.6156982670744139,0.2570110046148385
0.6699999999999997,0.630049610205528,0.5946488294314382,0.6118375774260152,0.2504437344692936
0.6799999999999997,0.6380323054331865,0.5812709030100335,0.6083304165208261,0.2417465388711395
0.6899999999999997,0.6444780635400907,0.5698996655518395,0.6048988285410011,0.23464678736244232
0.6999999999999996,0.6546026750590087,0.5565217391304348,0.601590744757773,0.22559460418885338
0.7099999999999996,0.6612111292962357,0.5404682274247492,0.5947736474052263,0.21689740859069934
0.7199999999999996,0.6638297872340425,0.5217391304347826,0.5842696629213483,0.20855520056798013
0.7299999999999996,0.6713780918727915,0.5083612040133779,0.5786067757898744,0.20092296769613063
0.7399999999999997,0.6787037037037037,0.4903010033444816,0.5693203883495146,0.19169329073482427
0.7499999999999997,0.6814244465832531,0.4735785953177257,0.5588003157063931,0.18441604543840964
0.7599999999999997,0.6908358509566969,0.4588628762541806,0.5514469453376206,0.17625133120340788
0.7699999999999997,0.7039045553145337,0.43411371237458196,0.5370293752585851,0.16364927227547035
0.7799999999999997,0.70261066969353,0.4140468227424749,0.5210437710437711,0.15637202697905572
0.7899999999999996,0.7061668681983071,0.3906354515050167,0.5030146425495263,0.14678736244231452
0.7999999999999996,0.7171717171717171,0.37993311036789296,0.49672059466550067,0.14057507987220447
0.8099999999999996,0.727027027027027,0.35986622073578595,0.4814317673378076,0.1313454029108981
0.8199999999999996,0.7398255813953488,0.34046822742474914,0.4663307375171782,0.12211572594959176
0.8299999999999996,0.7449139280125195,0.3183946488294314,0.44611059044048734,0.1134185303514377
0.8399999999999996,0.7592592592592593,0.3016722408026756,0.43178554332216373,0.10543130990415335
0.8499999999999996,0.7714285714285715,0.2709030100334448,0.400990099009901,0.09318423855165069
0.8599999999999995,0.788546255506608,0.2394648829431438,0.3673678809645972,0.08058217962371317
0.8699999999999996,0.8087167070217918,0.2234113712374582,0.350104821802935,0.07330493432729854
0.8799999999999996,0.8376068376068376,0.19665551839464884,0.31852654387865653,0.06230031948881789
0.8899999999999996,0.8481848184818482,0.17190635451505018,0.28587319243604004,0.05378061767838126
0.8999999999999996,0.8634538152610441,0.14381270903010032,0.24655963302752293,0.04419595314164004
